time,pitch,left_theta,right_theta,left_len,right_len,left_torque0,left_torque1,right_torque0,right_torque1
0.004,0.000,-0.004,-0.004,0.800,0.800,-1.052,1.041,-1.038,1.026
0.008,0.000,-0.008,-0.008,0.800,0.800,-1.196,0.774,-1.172,0.750
0.012,0.000,-0.012,-0.012,0.800,0.800,-1.146,0.717,-1.065,0.638
0.016,0.000,-0.016,-0.016,0.800,0.801,-1.091,0.656,-0.937,0.504
0.020,0.000,-0.020,-0.020,0.801,0.801,-1.034,0.593,-0.789,0.351
0.024,0.000,-0.024,-0.024,0.801,0.802,-0.976,0.531,-0.624,0.182
0.028,0.000,-0.028,-0.028,0.801,0.802,-0.921,0.472,-0.446,-0.000
0.032,0.000,-0.031,-0.032,0.799,0.803,-2.254,1.829,-0.309,-0.105
0.036,0.000,-0.034,-0.035,0.798,0.801,-2.544,2.158,-2.005,1.615
0.040,0.000,-0.037,-0.038,0.796,0.799,-2.787,2.397,-2.253,1.862
0.044,0.000,-0.040,-0.040,0.795,0.798,-2.990,2.598,-2.440,2.047
0.048,0.000,-0.043,-0.043,0.793,0.796,-3.505,3.134,-2.742,2.373
0.052,0.000,-0.045,-0.045,0.792,0.795,-3.853,3.496,-3.154,2.799
0.056,0.000,-0.047,-0.048,0.790,0.793,-4.266,3.920,-3.564,3.221
0.060,0.000,-0.049,-0.050,0.788,0.791,-4.695,4.360,-3.972,3.640
0.064,0.000,-0.051,-0.052,0.786,0.789,-5.134,4.810,-4.394,4.074
0.068,0.000,-0.053,-0.053,0.784,0.787,-5.581,5.269,-4.816,4.509
0.072,0.000,-0.054,-0.055,0.782,0.786,-6.035,5.735,-5.242,4.948
0.076,0.000,-0.056,-0.056,0.780,0.784,-6.492,6.206,-5.668,5.388
0.080,0.000,-0.057,-0.057,0.778,0.782,-6.951,6.679,-6.094,5.829
0.084,0.000,-0.058,-0.058,0.776,0.780,-7.410,7.152,-6.517,6.268
0.088,0.000,-0.059,-0.059,0.774,0.778,-7.866,7.623,-6.936,6.702
0.092,0.000,-0.059,-0.059,0.771,0.776,-8.317,8.089,-7.348,7.131
0.096,0.000,-0.060,-0.060,0.769,0.774,-8.761,8.549,-7.752,7.552
0.100,0.000,-0.060,-0.060,0.767,0.772,-9.195,9.000,-8.146,7.963
0.104,0.000,-0.060,-0.060,0.765,0.770,-9.619,9.441,-8.528,8.363
0.108,0.000,-0.060,-0.060,0.763,0.768,-10.030,9.868,-8.896,8.750
0.112,0.000,-0.060,-0.059,0.761,0.766,-10.426,10.282,-9.250,9.122
0.116,0.000,-0.059,-0.059,0.759,0.764,-10.805,10.678,-9.588,9.478
0.120,0.000,-0.059,-0.058,0.757,0.763,-11.166,11.057,-9.908,9.816
0.124,0.000,-0.058,-0.057,0.755,0.761,-11.508,11.416,-10.209,10.135
0.128,0.000,-0.057,-0.056,0.754,0.759,-11.827,11.753,-10.490,10.434
0.132,0.000,-0.056,-0.055,0.752,0.758,-12.125,12.068,-10.749,10.712
0.136,0.000,-0.055,-0.054,0.750,0.757,-12.398,12.358,-10.988,10.968
0.140,0.000,-0.054,-0.052,0.749,0.755,-12.647,12.624,-11.203,11.201
0.144,0.000,-0.052,-0.051,0.748,0.754,-12.870,12.863,-11.394,11.410
0.148,0.000,-0.050,-0.049,0.746,0.753,-13.065,13.075,-11.562,11.594
0.152,0.001,-0.049,-0.047,0.745,0.752,-13.234,13.260,-11.705,11.753
0.156,0.001,-0.047,-0.045,0.744,0.751,-13.374,13.416,-11.822,11.886
0.160,0.001,-0.045,-0.043,0.744,0.750,-13.486,13.543,-11.915,11.994
0.164,0.001,-0.043,-0.041,0.743,0.750,-13.569,13.641,-11.982,12.075
0.168,0.001,-0.041,-0.039,0.742,0.749,-13.624,13.709,-12.023,12.130
0.172,0.001,-0.039,-0.037,0.742,0.749,-13.649,13.748,-12.039,12.159
0.176,0.001,-0.036,-0.035,0.741,0.749,-13.645,13.757,-12.029,12.162
0.180,0.001,-0.034,-0.032,0.741,0.749,-13.613,13.736,-11.995,12.138
0.184,0.001,-0.032,-0.030,0.741,0.748,-13.552,13.687,-11.935,12.089
0.188,0.001,-0.029,-0.028,0.741,0.749,-13.464,13.609,-11.851,12.015
0.192,0.001,-0.027,-0.025,0.741,0.749,-13.349,13.504,-11.744,11.916
0.196,0.001,-0.024,-0.023,0.742,0.749,-13.207,13.371,-11.613,11.793
0.200,0.001,-0.022,-0.020,0.742,0.749,-13.039,13.212,-11.460,11.647
0.204,0.001,-0.019,-0.018,0.743,0.750,-12.847,13.028,-11.285,11.478
0.208,0.002,-0.017,-0.016,0.743,0.751,-12.632,12.819,-11.089,11.287
0.212,0.002,-0.014,-0.013,0.744,0.751,-12.395,12.586,-10.874,11.075
0.216,0.002,-0.012,-0.011,0.745,0.752,-12.136,12.332,-10.641,10.843
0.220,0.002,-0.009,-0.009,0.746,0.753,-11.859,12.057,-10.390,10.593
0.224,0.002,-0.007,-0.007,0.747,0.754,-11.563,11.763,-10.123,10.326
0.228,0.002,-0.005,-0.005,0.748,0.755,-11.251,11.452,-9.841,10.044
0.232,0.002,-0.002,-0.003,0.750,0.756,-10.924,11.125,-9.546,9.748
0.236,0.002,-0.000,-0.001,0.751,0.758,-10.583,10.785,-9.239,9.439
0.240,0.002,0.002,0.001,0.753,0.759,-10.231,10.432,-8.921,9.118
0.244,0.002,0.004,0.003,0.754,0.760,-9.869,10.069,-8.594,8.789
0.248,0.003,0.006,0.005,0.756,0.762,-9.500,9.698,-8.260,8.452
0.252,0.003,0.008,0.006,0.757,0.763,-9.124,9.320,-7.921,8.108
0.256,0.003,0.010,0.008,0.759,0.765,-8.744,8.938,-7.577,7.761
0.260,0.003,0.012,0.009,0.761,0.766,-8.362,8.553,-7.231,7.410
0.264,0.003,0.013,0.011,0.762,0.768,-7.979,8.166,-6.884,7.058
0.268,0.003,0.015,0.012,0.764,0.770,-7.598,7.781,-6.538,6.707
0.272,0.003,0.017,0.013,0.766,0.771,-7.220,7.399,-6.194,6.358
0.276,0.003,0.018,0.014,0.768,0.773,-6.847,7.020,-5.855,6.014
0.280,0.003,0.019,0.015,0.769,0.774,-6.481,6.649,-5.524,5.676
0.284,0.003,0.021,0.016,0.771,0.776,-6.123,6.285,-5.199,5.345
0.288,0.003,0.022,0.017,0.773,0.777,-5.775,5.931,-4.883,5.024
0.292,0.003,0.023,0.018,0.775,0.779,-5.439,5.589,-4.579,4.713
